url,citation,year,journal,description,pls_use,rda_use,pca_use,pcs_retained,pc_variable_use,mv_response_or_predictor,supervised_alt,other_supervised,other_unsupervised,notes
https://esajournals.onlinelibrary.wiley.com/doi/full/10.1002/ecm.1325,"Silberberger, M. J., Renaud, P. E., Buhl-Mortensen, L., Ellingsen, I. H., & Reiss, H. (2018). Spatial patterns in sub-Arctic benthos: multiscale analysis reveals structural differences between community components. Ecological Monographs, 89(1), e01325. doi:10.1002/ecm.1325",2018,ECOLOGICAL MONOGRAPHS,Used PCA to identify spatial patterns in community data. RDA and PERMANOVA used for multivariate hypothesis testing.,NA,hypothesis testing,Unsupervised only,2,NA,NA,NA,PERMANOVA,NA,partial RDA used to account for random effects
https://esajournals.onlinelibrary.wiley.com/doi/full/10.1002/ecm.1324,"Fuiman, L. A. (2018). Egg boon fatty acids reveal effects of a climatic event on a marine food web. Ecological Monographs, 88(4), 585–599. doi:10.1002/ecm.1324",2018,ECOLOGICAL MONOGRAPHS,PCA on fatty acid profiles. Resulting PCs used as predictors in ANOVA,NA,NA,PCs used as variables,3,Interest in relationships with raw variables,predictor,yes,NA,NA,"""Patterns of variation in complete egg fatty acid profiles were summarized by principal components analysis (PCA), which reduced the 23 fatty acid variables to a smaller number of independent factors.""  The authors seem interested in which fatty acids vary from year to year because they can indicate changes in fish diets."
https://esajournals.onlinelibrary.wiley.com/doi/10.1002/ecm.1336,"Roff, G., Bejarano, S., Priest, M., Marshell, A., Chollett, I., Steneck, R. S., … Mumby, P. J. (2018). Seascapes as drivers of herbivore assemblages in coral reef ecosystems. Ecological Monographs, 89(1), e01336. doi:10.1002/ecm.1336",2018,ECOLOGICAL MONOGRAPHS,uses distance-based redundancy analysis (dbRDA) for ordination of herbivore species and environmental drivers,NA,interpret/confirm results of other analyses,NA,NA,NA,NA,NA,distance-based linear modeling,PCoA,"Not completely sure if distance-based linear modeling should be considered a multivariate method, but I've listed it since RDA was used to visualize results from it."
https://esajournals.onlinelibrary.wiley.com/doi/10.1002/ecy.2472,"Wetzel, W. C., Aflitto, N. C., & Thaler, J. S. (2018). Plant genotypic diversity interacts with predation risk to influence an insect herbivore across its ontogeny. Ecology, 99(10), 2338–2347. doi:10.1002/ecy.2472",2018,Ecology,PCA on two growth variables. PC1 used as response variable in linear mixed effects models,NA,NA,PCs used as variables,1,Interest in relationships with raw variables,response,maybe,NA,NA,PCA on two variables because they were correlated.
https://esajournals.onlinelibrary.wiley.com/doi/10.1002/ecy.2179,"Champagnon, J., Lebreton, J., Drummond, H., & Anderson, D. J. (2018). Pacific Decadal and El Niño oscillations shape survival of a seabird. Ecology, 99(5), 1063–1072. doi:10.1002/ecy.2179",2018,Ecology,PCA on 7 environmental parameters. Two PCs used as predictors in analysis of deviance (ANODEV),NA,NA,PCs used as variables,2,Interest in relationships with raw variables,predictor,yes,NA,NA,Would have been an apropriate use of PLS
https://esajournals.onlinelibrary.wiley.com/doi/10.1002/ecy.2387,"Preston, D. L., Henderson, J. S., Falke, L. P., Segui, L. M., Layden, T. J., & Novak, M. (2018). What drives interaction strengths in complex food webs? A test with feeding rates of a generalist stream predator. Ecology, 99(7), 1591–1601. doi:10.1002/ecy.2387",2018,Ecology,PCA on 5 abiotic variables. Used PC1 as predictor in a GAMM,NA,NA,PCs used as variables,1,Interest in relationships with raw variables,predictor,no,NA,NA,"""The primary aim of our analysis was to determine the relative importance of prey density, predator density, predator–prey body mass ratios, prey identity (i.e., taxonomic order), and abiotic environmental variables in driving variation in prey–specific sculpin feeding rates. "" (abiotic variables are summarized with PCA)"
https://esajournals.onlinelibrary.wiley.com/doi/10.1002/ecy.2414,"Matsuzaki, S. S., Suzuki, K., Kadoya, T., Nakagawa, M., & Takamura, N. (2018). Bottom-up linkages between primary production, zooplankton, and fish in a shallow, hypereutrophic lake. Ecology, 99(9), 2025–2036. doi:10.1002/ecy.2414",2018,Ecology,PCA on biovolume of 4 plankton groups. PC1 used in convergent cross-mapping (CCM),NA,NA,PCs used as variables,1,Reason for PCA unclear or unknown,predictor,NA,NA,NA,"""We used CCM to determine the causal relationships between primary production and environmental variables and zooplankton."" It's unclear if the authors were interested in which plankton were drivers (supervised) ir if the plankton that varied the most among communities (i.e. community composition) were drivers (unsupervised)."
https://esajournals.onlinelibrary.wiley.com/doi/10.1002/ecy.2162,"Li, Y., & Shipley, B. (2018). Community divergence and convergence along experimental gradients of stress and disturbance. Ecology, 99(4), 775–781. doi:10.1002/ecy.2162",2018,Ecology,"PCA on 15 functional traits. Four PCs used to calculate functional dissimilarity, which in turn is used as a predictor in an ANOVA",NA,NA,PCs used as variables,4,PCs as main axes of variation,predictor,NA,NA,NA,"They use PCA to make a ""trait space"", then project species onto it, then calculate distance between pairs, then ask if that distance is affected by a treatment.  Because the authors are specifically interested in how dissimilarity is affected by a treatment, this is an unsupervised use of PCA."
https://esajournals.onlinelibrary.wiley.com/doi/10.1002/ecy.2482,"Nottingham, A. T., Fierer, N., Turner, B. L., Whitaker, J., Ostle, N. J., McNamara, N. P., … Meir, P. (2018). Microbes follow Humboldt: temperature drives plant and soil microbial diversity patterns from the Amazon to the Andes. Ecology, 99(11), 2455–2466. doi:10.1002/ecy.2482",2018,Ecology,Unclear what PCA is used for. Mentioned only briefly in methods. Supervised methods used to test hypotheses,NA,NA,unknown,NA,NA,NA,NA,"PERMANOVA, Mantel test, multiple correlation",NA,NA
https://esajournals.onlinelibrary.wiley.com/doi/10.1002/ecy.2406,"Robinson, M. L., & Strauss, S. Y. (2018). Cascading effects of soil type on assemblage size and structure in a diverse herbivore community. Ecology, 99(8), 1866–1877. doi:10.1002/ecy.2406",2018,Ecology,PCA on 7 leaf traits to identify major axes of variation. PCs used in linear mixed effects models,NA,NA,PCs used as variables,1,Interest in relationships with raw variables,predictor,maybe,NA,NA,"PCA used to create axes of plant traits, but no a priori biological relevance."
https://esajournals.onlinelibrary.wiley.com/doi/10.1002/ecy.2447,"Roscher, C., Schumacher, J., Lipowsky, A., Gubsch, M., Weigelt, A., Schmid, B., … Schulze, E.-D. (2018). Functional groups differ in trait means, but not in trait plasticity to species richness in local grassland communities. Ecology, 99(10), 2295–2307. doi:10.1002/ecy.2447",2018,Ecology,PCA on 10 trait variables to visualize spearation in trait-space.,NA,NA,interpret/confirm results of other analyses,2,NA,NA,NA,NA,NA,"Researchers used many univariate ANOVAs to test hypotheses. PCA was used just for visualizing differences, but they do discuss separation in PCA space.  A supervised multivariate analysis may have been more appropriate."
https://esajournals.onlinelibrary.wiley.com/doi/10.1002/ecy.2436,"Tiede, Y., Hemp, C., Schmidt, A., Nauss, T., Farwig, N., & Brandl, R. (2018). Beyond body size: consistent decrease of traits within orthopteran assemblages with elevation. Ecology, 99(9), 2090–2102. doi:10.1002/ecy.2436",2018,Ecology,PCA on 10 morphological traits. PC1 used in linear regressions,NA,NA,PCs used as variables,1,PCs as main axes of variation,response,NA,NA,NA,The authors use PCA to create an overall body size variable (PC1).  They then use this and a few of the functionally important morphological variables that went into the PCA in linear regressions.
https://esajournals.onlinelibrary.wiley.com/doi/10.1002/ecy.2442,"Parker, T. C., Sanderman, J., Holden, R. D., Blume-Werry, G., Sjögersten, S., Large, D., … Wookey, P. A. (2018). Exploring drivers of litter decomposition in a greening Arctic: results from a transplant experiment across a treeline. Ecology, 99(10), 2284–2294. doi:10.1002/ecy.2442",2018,Ecology,PLS used for predicting NMR chemical shift regions from FTIR data,predictive,NA,NA,NA,NA,NA,NA,NA,NA,NA
https://esajournals.onlinelibrary.wiley.com/doi/10.1002/ecy.2346,"Hausch, S., Vamosi, S. M., & Fox, J. W. (2018). Effects of intraspecific phenotypic variation on species coexistence. Ecology, 99(6), 1453–1462. doi:10.1002/ecy.2346",2018,Ecology,PCA on 9 traits. Three PC axes used for visualizing differences among species,NA,NA,Unsupervised only,3,NA,NA,NA,NA,NA,NA
https://esajournals.onlinelibrary.wiley.com/doi/10.1002/ecy.2400,"Veen, G. F., van der Putten, W. H., & Bezemer, T. M. (2018). Biodiversity-ecosystem functioning relationships in a long-term non-weeded field experiment. Ecology, 99(8), 1836–1846. doi:10.1002/ecy.2400",2018,Ecology,"Used RDA ""to test how species and trait composition varied over time for the three different sowing treatments""",NA,hypothesis testing,NA,NA,NA,NA,NA,NA,NMDS,"only plot RDA coefficients for each year.  To visualize changes in community, used unsupervised analysis rather than score plot from RDA."
https://esajournals.onlinelibrary.wiley.com/doi/10.1002/ecy.2161,"Singer, D., Kosakyan, A., Seppey, C. V. W., Pillonel, A., Fernández, L. D., Fontaneto, D., … Lara, E. (2018). Environmental filtering and phylogenetic clustering correlate with the distribution patterns of cryptic protist species. Ecology, 99(4), 904–914. doi:10.1002/ecy.2161",2018,Ecology,Used RDA to test if species composition differed among habitats,NA,hypothesis testing,NA,NA,NA,NA,NA,NA,NA,Displays bi-plot of RDA
https://esajournals.onlinelibrary.wiley.com/doi/10.1002/ecy.2485,"Castorani, M. C. N., Reed, D. C., & Miller, R. J. (2018). Loss of foundation species: disturbance frequency outweighs severity in structuring kelp forest communities. Ecology, 99(11), 2442–2454. doi:10.1002/ecy.2485",2018,Ecology,Uses distance-based redundancy analysis (dbRDA) to estimate influence of disturbance on community composition,NA,hypothesis testing,NA,NA,NA,NA,NA,NA,NA,NA
https://esajournals.onlinelibrary.wiley.com/doi/10.1002/ecy.2377,"Bosc, C., Roets, F., Hui, C., & Pauw, A. (2018). Interactions among predators and plant specificity protect herbivores from top predators. Ecology, 99(7), 1602–1609. doi:10.1002/ecy.2377",2018,Ecology,Used partial RDA to test effects of birds on arthropod community composition (partialing out variance explained by plant species composition and sites),NA,hypothesis testing,PCs used as variables,7,PCs as main axes of variation,predictor,NA,NA,NA,"A sophisticated use of partial RDA beyond simply accounting for univariate random effects.  Used PCA to reduce dimensionality of plant species composition, then used resulting PCs to condition partial RDA in addition to plot ID."
https://esajournals.onlinelibrary.wiley.com/doi/10.1002/ecy.2543,"Whitaker, B. K., Reynolds, H. L., & Clay, K. (2018). Foliar fungal endophyte communities are structured by environment but not host ecotype in            Panicum virgatum            (switchgrass). Ecology, 99(12), 2703–2711. doi:10.1002/ecy.2543",2018,Ecology,RDA is used to partition variance in fungal community among host ecotype and planting site and to test significance of these factors,NA,hypothesis testing,NA,NA,NA,NA,NA,PERMANOVA,NMDS,"Used in addition to PERMANOVA even though they also obtained p-values from RDA.  RDA was primarily used because of its ability to parition variance among predictor variables. Oddly, the results are visualized by NMDS rather than an RDA score plot."
https://doi.org/10.1111/ele.12926,"Defossez, E., Pellissier, L., & Rasmann, S. (2018). The unfolding of plant growth form-defence syndromes along elevation gradients. Ecology Letters, 21(5), 609–618. doi:10.1111/ele.12926",2018,Ecology Letters,PCA on 10 traits. Biplot of first 2 PCs used to inform a system of describing plants with polygons on radial plots. These polygons used in further analyses.,NA,NA,PCs used as variables,2,Interest in relationships with raw variables,response,maybe,NA,NA,"It is unclear to us if PLS would have answered their question in a similar way.  The methods mention RDA, but it appears it is being used as a unsupervised method here."
https://onlinelibrary.wiley.com/doi/full/10.1111/ele.12969,"Hodge, J. R., Alim, C., Bertrand, N. G., Lee, W., Price, S. A., Tran, B., & Wainwright, P. C. (2018). Ecology shapes the evolutionary trade-off between predator avoidance and defence in coral reef butterflyfishes. Ecology Letters, 21(7), 1033–1042. doi:10.1111/ele.12969",2018,Ecology Letters,Phylogenetic PCA on seven morphological traits. Used to visualize morphological differences among species with different foraging regimes.,NA,NA,Unsupervised only,2,NA,NA,NA,NA,NA,"The authors seem interested in testing the hypothesis that species with different foraging behaviors have different morphology, but they didn't do so using any multivariate methods."
https://onlinelibrary.wiley.com/doi/full/10.1111/ele.13171,"Schermer, É., Bel‐Venner, M., Fouchet, D., Siberchicot, A., Boulanger, V., Caignard, T., … Venner, S. (2018). Pollen limitation as a main driver of fruiting dynamics in oak populations. Ecology Letters, 22(1), 98–107. doi:10.1111/ele.13171",2018,Ecology Letters,PCA on two variables (rain and temperature). PC1 used as predictor in GLMM,NA,NA,PCs used as variables,1,Interest in relationships with raw variables,predictor,maybe,NA,NA,"PCA on only 2 variables (rain and temp) for each month to get a ""weather index"" for each month.  Although they collapse weather into one variable, they sometimes make inferences as to the specific effects of temperature and precipitation on pollen."
https://onlinelibrary.wiley.com/doi/full/10.1111/ele.12964,"Jucker, T., Bongalov, B., Burslem, D. F. R. P., Nilus, R., Dalponte, M., Lewis, S. L., … Coomes, D. A. (2018). Topography shapes the structure, composition and function of tropical forest landscapes. Ecology Letters, 21(7), 989–1000. doi:10.1111/ele.12964",2018,Ecology Letters,PCA on 4 topography variables. PCA used to visualize data. PLSR used to predict species richness from remote sensing data.,predictive,NA,Unsupervised only,2,NA,NA,NA,NA,NA,"PCA just used for visualizing data, PLSR used in a predictive way"
https://onlinelibrary.wiley.com/doi/full/10.1111/ele.13131,"Chira, A. M., Cooney, C. R., Bright, J. A., Capp, E. J. R., Hughes, E. C., Moody, C. J. A., … Thomas, G. H. (2018). Correlates of rate heterogeneity in avian ecomorphological traits. Ecology Letters, 21(10), 1505–1514. doi:10.1111/ele.13131",2018,Ecology Letters,Principal PCA on morphological data. Used 8 PCs to measure euclidean distance between clades,NA,NA,PCs used as variables,8,PCs as main axes of variation,both,NA,Procrustes,NA,Researchers are explicitly interested in trait diversity so PCA is appropriate.
https://onlinelibrary.wiley.com/doi/full/10.1111/ele.12974,"Rüger, N., Comita, L. S., Condit, R., Purves, D., Rosenbaum, B., Visser, M. D., … Wirth, C. (2018). Beyond the fast-slow continuum: demographic dimensions structuring a tropical tree community. Ecology Letters, 21(7), 1075–1084. doi:10.1111/ele.12974",2018,Ecology Letters,Weighted PCA on 9 demographic variables. Data visualized with bi-plots.,NA,NA,Unsupervised only,2,NA,NA,NA,procrustes,NA,NA
https://onlinelibrary.wiley.com/doi/full/10.1111/ele.12945,"Anderegg, L. D. L., Berner, L. T., Badgley, G., Sethi, M. L., Law, B. E., & HilleRisLambers, J. (2018). Within-species patterns challenge our understanding of the leaf economics spectrum. Ecology Letters, 21(5), 734–744. doi:10.1111/ele.12945",2018,Ecology Letters,PCA on 7 climate variables. Used as predictors in linear mixed effects models.,NA,NA,PCs used as variables,2,Interest in relationships with raw variables,predictor,maybe,NA,NA,"""We found very few coordinated trait responses to environment variables.""  However, they did not ask this question with their methods.  They looked for traits that corresponded to principal component axes representing a composite of environmental variables that varied the most across samples."
https://onlinelibrary.wiley.com/doi/full/10.1111/ele.13127,"Prather, C. M., Laws, A. N., Cuellar, J. F., Reihart, R. W., Gawkins, K. M., & Pennings, S. C. (2018). Seeking salt: herbivorous prairie insects can be co-limited by macronutrients and sodium. Ecology Letters, 21(10), 1467–1476. doi:10.1111/ele.13127",2018,Ecology Letters,PCA on the abundance of 6 species. Biplot used to visualize clustering of species by soil nutrients.,NA,NA,Unsupervised only,2,NA,NA,NA,NA,NA,"Although this is strictly an unsupervised use, the authors do discuss effects of soil nutrients on species communities using the PCA as evidence."
https://onlinelibrary.wiley.com/doi/full/10.1111/ele.13175,"Chu, C., Lutz, J. A., Král, K., Vrška, T., Yin, X., Myers, J. A., … Burslem, D. F. R. P. (2018). Direct and indirect effects of climate on richness drive the latitudinal diversity gradient in forest trees. Ecology Letters. doi:10.1111/ele.13175",2018,Ecology Letters,"PCAs on 21 climate and topography variables at two spatial scales (across the whole dataset, and within plot PCAs). Two PCs used as predictors in structural equation modeling",NA,NA,PCs used as variables,2,Interest in relationships with raw variables,predictor,no,NA,NA,NA
https://onlinelibrary.wiley.com/doi/full/10.1111/ele.12903,"Di Marco, M., Watson, J. E. M., Currie, D. J., Possingham, H. P., & Venter, O. (2018). The extent and predictability of the biodiversity-carbon correlation. Ecology Letters, 21(3), 365–375. doi:10.1111/ele.12903",2018,Ecology Letters,PCA on 6 WorldClim variables. Two PCs retained.PCA on 7 soil variables. Two PCs retained.PCs used as predictors in spatial simultaneous autoregressive error models.,NA,NA,PCs used as variables,2,Interest in relationships with raw variables,predictor,no,Random Forest regression,NA,"""In order to prevent potential collinearity issues among the bioclimatic variables, we ran a principal component analysis on the variables and extracted the two principal axes (representing 79% of the variance)"""
https://onlinelibrary.wiley.com/doi/full/10.1111/ele.13101,"Decker, L. E., de Roode, J. C., & Hunter, M. D. (2018). Elevated atmospheric concentrations of carbon dioxide reduce monarch tolerance and increase parasite virulence by altering the medicinal properties of milkweeds. Ecology Letters, 21(9), 1353–1363. doi:10.1111/ele.13101",2018,Ecology Letters,PCA on centered-log-ratio transformed cardenolide concentrations. Two PCs used as predictors in linear mixed effects models.,NA,NA,PCs used as variables,2,Interest in relationships with raw variables,predictor,maybe,PERMANOVA,NMDS,Partial RDA might have been a good choice here.
https://onlinelibrary.wiley.com/doi/full/10.1111/ele.13178,"Walker, T. W. N., Weckwerth, W., Bragazza, L., Fragner, L., Forde, B. G., Ostle, N. J., … Bardgett, R. D. (2018). Plastic and genetic responses of a common sedge to warming have contrasting effects on carbon cycle processes. Ecology Letters, 22(1), 159–169. doi:10.1111/ele.13178",2018,Ecology Letters,Unclear how PCA is used. It is not mentioned in the methods. RDA and PERMANOVA are used for hypothesis testing.,NA,hypothesis testing,unknown,2,NA,NA,NA,PERMANOVA,NA,"PCA not mentioned in methods, only in figure captions but p-values are printed with PCA plots."
https://onlinelibrary.wiley.com/doi/full/10.1111/ele.13083,"Ye, C., Chen, D., Hall, S. J., Pan, S., Yan, X., Bai, T., … Hu, S. (2018). Reconciling multiple impacts of nitrogen enrichment on soil carbon: plant, microbial and geochemical controls. Ecology Letters, 21(8), 1162–1173. doi:10.1111/ele.13083",2018,Ecology Letters,PCA on concentrations of two forms of nitrogen. First PC used as predictor in SEM,NA,NA,PCs used as variables,1,Reason for PCA unclear or unknown,predictor,NA,NA,NA,"If authors are interested in extracting a main axis of variation in nitrogen, this is an appropriate unsupervised approach.  However, the two forms of nitrogen could be measuring different things, and if the authors wanted to which form relates to a response, this needs a supervised approach."
https://onlinelibrary.wiley.com/doi/full/10.1111/ele.13125,"Simpson, R. K., & McGraw, K. J. (2018). It’s not just what you have, but how you use it: solar-positional and behavioural effects on hummingbird colour appearance during courtship. Ecology Letters, 21(9), 1413–1422. doi:10.1111/ele.13125",2018,Ecology Letters,PCAs on feather color traits. PCs used as predictors in linear mixed effects models.,NA,NA,PCs used as variables,1,PCs as main axes of variation,predictor,NA,NA,NA,"""We were unable to neatly compact the four measures of feather reflectance using principal components analysis (PCA), but could collapse angle dependence in luminance, chroma and UV hue into a single principal component """
https://onlinelibrary.wiley.com/doi/full/10.1111/ele.13140,"Carrillo, Y., Dijkstra, F., LeCain, D., Blumenthal, D., & Pendall, E. (2018). Elevated CO2 and warming cause interactive effects on soil carbon and shifts in carbon use by bacteria. Ecology Letters, 21(11), 1639–1648. doi:10.1111/ele.13140",2018,Ecology Letters,PCA on phospholipid fatty acid composition of microbial community in soils. PCs used as as response variable in ANOVA.,NA,NA,PCs used as variables,NA,Interest in relationships with raw variables,response,yes,NA,NA,"""Effects of treatments on PLFA profiles were analysed with principal component analysis (PCA) on correlations and two-factor anova on PCs."" It seems like the researchers were specifically interested in which PFLAs changed."
https://onlinelibrary.wiley.com/doi/full/10.1111/ele.12977,"Ruegg, K., Bay, R. A., Anderson, E. C., Saracco, J. F., Harrigan, R. J., Whitfield, M., … Smith, T. B. (2018). Ecological genomics predicts climate vulnerability in an endangered southwestern songbird. Ecology Letters, 21(7), 1085–1096. doi:10.1111/ele.12977",2018,Ecology Letters,PCA used to summarize and visualize results from a Gradient Forest Analysis,NA,NA,interpret/confirm results of other analyses,3,NA,NA,NA,"Mantel test, Gradient Forest Analysis",NA,Gradient Forest analysis is an extension of random forests that works with continuous response variables like environmental gradients (https://esajournals.onlinelibrary.wiley.com/doi/pdf/10.1890/11-0252.1)
https://onlinelibrary.wiley.com/doi/full/10.1111/ele.12944,"Jeffers, E. S., Whitehouse, N. J., Lister, A., Plunkett, G., Barratt, P., Smyth, E., … Bonsall, M. B. (2018). Plant controls on Late Quaternary whole ecosystem structure and function. Ecology Letters, 21(6), 814–825. doi:10.1111/ele.12944",2018,Ecology Letters,Uses weighted average PLS (WA-PLS) to predict july air temp from Chironomid assemblages.,predictive,NA,NA,NA,NA,NA,NA,NA,NA,"""Chironomid assemblages were translated into mean July air temperatures with a three‐component WA‐PLS transfer function based on a 153‐lake modern Norwegian chironomid training set (Brooks & Birks 2001; Heiri et al. 2011)."""
https://onlinelibrary.wiley.com/doi/full/10.1111/ele.13141,"Toussaint, A., Charpin, N., Beauchard, O., Grenouillet, G., Oberdorff, T., Tedesco, P. A., … Villéger, S. (2018). Non-native species led to marked shifts in functional diversity of the world freshwater fish faunas. Ecology Letters, 21(11), 1649–1659. doi:10.1111/ele.13141",2018,Ecology Letters,PCA on 10 functional traits. Used 5 PCs as a trait space. Measured distances between species in this trait-space.,NA,NA,PCs used as variables,5,Interest in relationships with raw variables,response,yes,Mantel test,NA,"In the methods, they describe mostly unsupervised uses of PCA, but in the results they say ""Non-native species introduction tends to increase average fish body size (Blanchet et al. 2010) and reduce body elongation in all realms (see PC4 on Figs 4 and S5 and Tables S1 and S4). "" which would be better answered with a supervised approach."
https://onlinelibrary.wiley.com/doi/full/10.1111/ele.13172,"Biasazin, T. D., Larsson Herrera, S., Kimbokota, F., & Dekker, T. (2018). Translating olfactomes into attractants: shared volatiles provide attractive bridges for polyphagy in fruit flies. Ecology Letters, 22(1), 108–118. doi:10.1111/ele.13172",2018,Ecology Letters,NMDS and PCA used to determine if different species of flies respond differently to fruit volatiles using GC-EAD. Clustering in bi-plots interpreted directly as evidence for distinct responses from different species,NA,NA,interpret/confirm results of other analyses,2,NA,NA,NA,NA,NMDS,"results focus on the fact that flies respond to volatiles that are common across fruit species, but multivariate analyses seem to focus on differences among fly species within fruits."
https://onlinelibrary.wiley.com/doi/full/10.1111/ele.13182,"Penone, C., Allan, E., Soliveres, S., Felipe‐Lucia, M. R., Gossner, M. M., Seibold, S., … Fischer, M. (2018). Specialisation and diversity of multiple trophic groups are promoted by different forest features. Ecology Letters, 22(1), 170–180. doi:10.1111/ele.13182",2018,Ecology Letters,PCA on 8 soil parameters. Two PCs used as co-variates along with 9 other forest feature variables in a total of 60 linear regression models (4 response variables x 15 trophic groups),NA,NA,PCs used as variables,2,Interest in relationships with raw variables,predictor,yes,NA,NA,"justifies not using multivariate methods by testing for collinearity, and doing false discovery rate corrections to p-values. Could have benefitted from supervised multivariate methods."
https://onlinelibrary.wiley.com/doi/full/10.1111/ele.12963,"Chadwick, K. D., & Asner, G. P. (2018). Landscape evolution and nutrient rejuvenation reflected in Amazon forest canopy chemistry. Ecology Letters, 21(7), 978–988. doi:10.1111/ele.12963",2018,Ecology Letters,PLSR used to predict plant traits from remote sensing data. Authors collected their own data from a subset of trees to train a PLSR model.,predictive,NA,NA,NA,NA,NA,NA,NA,NA,NA
https://onlinelibrary.wiley.com/doi/full/10.1111/ele.13143,"Ohlmann, M., Mazel, F., Chalmandrier, L., Bec, S., Coissac, E., Gielly, L., … Thuiller, W. (2018). Mapping the imprint of biotic interactions on β-diversity. Ecology Letters, 21(11), 1660–1669. doi:10.1111/ele.13143",2018,Ecology Letters,PCA on climate and soil parameters. First two PCs used to measure environmental distance between sites. Environmental distance used as a co-variate in graphical lasso method,NA,NA,PCs used as variables,2,Reason for PCA unclear or unknown,predictor,NA,NA,NA,NA
https://onlinelibrary.wiley.com/doi/10.1111/ele.13197,"Larose, C., Rasmann, S., & Schwander, T. (2018). Evolutionary dynamics of specialisation in herbivorous stick insects. Ecology Letters, 22(2), 354–364. doi:10.1111/ele.13197",2018,Ecology Letters,Used distance-based RDA (dbRDA) to parition variance and test effects of plant species on plant secondary metabolite composition,NA,hypothesis testing,NA,NA,NA,NA,NA,NA,NA,NA
https://besjournals.onlinelibrary.wiley.com/doi/10.1111/1365-2745.12996,"Garnier, E., Fayolle, A., Navas, M.-L., Damgaard, C., Cruz, P., Hubert, D., … Violle, C. (2018). Plant demographic and functional responses to management intensification: A long-term study in a Mediterranean rangeland. Journal of Ecology, 106(4), 1363–1376. doi:10.1111/1365-2745.12996",2018,Journal of Ecology,PCA on 9 traits. Two PCs used in ANOVA,NA,NA,PCs used as variables,2,Interest in relationships with raw variables,response,yes,NA,NA,"In addition to ANOVA using PCs representing a composit of traits, they also did univariate tests for each trait."
https://besjournals.onlinelibrary.wiley.com/doi/10.1111/1365-2745.13001,"Umaña, M. N., Zipkin, E. F., Zhang, C., Cao, M., Lin, L., & Swenson, N. G. (2018). Individual-level trait variation and negative density dependence affect growth in tropical tree seedlings. Journal of Ecology, 106(6), 2446–2455. doi:10.1111/1365-2745.13001",2018,Journal of Ecology,"PCA on species traits, retainted 3 PCS, then reduced data further by calculating a mean euclidean distance between points (trait dissimilarity).Used trait dissimilarity and the 3 pcs as predictors in a JAGS model with relative growth rate as a response.",NA,NA,PCs used as variables,3,PCs as main axes of variation,predictor,NA,NA,NA,"The euclidean distance calculation is an unsupervised use since they wanted a variable that represented trait dissimilarity.  However, it could be relevant to the paper to ask which traits predict relative growth rate using a supervised analysis."
https://besjournals.onlinelibrary.wiley.com/doi/10.1111/1365-2745.13011,"Gustafsson, C., & Norkko, A. (2018). Quantifying the importance of functional traits for primary production in aquatic plant communities. Journal of Ecology, 107(1), 154–166. doi:10.1111/1365-2745.13011",2018,Journal of Ecology,PCA on environmental variables. Used to describe / cluster sites by a gradient of wave exposure (the authors interpretation of the first PC). Supervised methods used to test differences in community or trait differences among sites.,NA,NA,Unsupervised only,2,NA,NA,NA,ANOSIM,"NMDS, cluster analysis",NA
https://besjournals.onlinelibrary.wiley.com/doi/10.1111/1365-2745.12933,"Padullés Cubino, J., Buckley, H. L., Day, N. J., Pieper, R., & Curran, T. J. (2018). Community-level flammability declines over 25 years of plant invasion in grasslands. Journal of Ecology, 106(4), 1582–1594. doi:10.1111/1365-2745.12933",2018,Journal of Ecology,PCA on 4 traits related to flamability. A second PCA on the 4 flamability traits plus 9 morphological traits.Used correlation tests to determine which morphological traits were associated with flamability PCs and in linear mixed effects models to model change in flamability over time.,NA,NA,PCs used as variables,2,Interest in relationships with raw variables,response,maybe,NA,NA,PLS with multiple Y variables (flamability traits) and multiple X variables (morphological traits) would be a good fit for this analylsis.
https://besjournals.onlinelibrary.wiley.com/doi/10.1111/1365-2745.13107,"Levy, P., Dijk, N., Gray, A., Sutton, M., Jones, M., Leeson, S., … Sheppard, L. (2018). Response of a peat bog vegetation community to long‐term experimental addition of nitrogen. Journal of Ecology, 107(3), 1167–1186. doi:10.1111/1365-2745.13107",2018,Journal of Ecology,Used PLS to test for co-variation of species composition with porewater chemistry,hypothesis testing,NA,NA,NA,NA,NA,NA,principal response curve analysis,NA,"""In the case of PLS, we established an axis which described the multivariate variation in species composition along the NH3 gradient, and related this to the porewater chemistry "" Also used princinpal response curves analysis, which is a variant of RDA specifically for repeated measures designs."
https://besjournals.onlinelibrary.wiley.com/doi/10.1111/1365-2745.13077,"Leunda, M., González-Sampériz, P., Gil-Romera, G., Bartolomé, M., Belmonte-Ribas, Á., Gómez-García, D., … Sancho, C. (2018). Ice cave reveals environmental forcing of long-term Pyrenean tree line dynamics. Journal of Ecology, 107(2), 814–828. doi:10.1111/1365-2745.13077",2018,Journal of Ecology,PCA on pollen percentages from ice cores. Used to visualize community level changes over time.,NA,NA,Unsupervised only,2,NA,NA,NA,detrended correspondence analysis,NA,"""We identified the underlying gradients in regional vegetation composition over time applying ordination analyses to the pollen percentage dataset"".  Because they are intersted in change in composition over time, this seems appropriate.  However, if they asked ""which plant species change over time"", this would be better answered by PLS."
https://besjournals.onlinelibrary.wiley.com/doi/10.1111/1365-2745.12934,"Benito, X., Fritz, S. C., Steinitz-Kannan, M., Tapia, P. M., Kelly, M. A., & Lowell, T. V. (2018). Geo-climatic factors drive diatom community distribution in tropical South American freshwaters. Journal of Ecology, 106(4), 1660–1672. doi:10.1111/1365-2745.12934",2018,Journal of Ecology,"PCA on 12 geo-climatic and two limnological variables. PERMANOVA used to test for differences in diatom composition between regions.NMDS used to ordinate diatom communities, then tested for relationship with geo-climatic predictor variables using envfit() function in the vegan package for R. RDA used for variance paritioning primarily, although p-values are reported.",NA,hypothesis testing,Unsupervised only,2,NA,NA,NA,"PERMANOVA, environmental fitting",NMDS,"The envfit() function, we believe, is doing something analagous to principal component regression."
https://besjournals.onlinelibrary.wiley.com/doi/10.1111/1365-2745.12917,"Hagenbo, A., Kyaschenko, J., Clemmensen, K. E., Lindahl, B. D., & Fransson, P. (2018). Fungal community shifts underpin declining mycelial production and turnover across a Pinus sylvestris chronosequence. Journal of Ecology, 106(2), 490–501. doi:10.1111/1365-2745.12917",2018,Journal of Ecology,PLS used to test for relationship between biomass and ITS2 copy number of fungal groups with incubation time as a co-variate.,hypothesis testing,NA,NA,NA,NA,NA,NA,"detrended correspondence analysis, CCA",NA,"""Partial least squares regression (PLS) was run using the NIPALS algorithm (PROC PLS) in SAS 9.4 (SAS Institute Inc., Cary, NC, USA) to test whether ergosterol-based biomass estimates could be explained by mesh bag incubation time or ITS2 copy numbers (square root transformed to achieve linearity) of individual fungal functional groups"""
https://besjournals.onlinelibrary.wiley.com/doi/10.1111/1365-2745.13104,"Lozano, Y. M., Hortal, S., Armas, C., & Pugnaire, F. I. (2018). Soil micro‐organisms and competitive ability of a tussock grass species in a dry ecosystem. Journal of Ecology, 107(3), 1215–1225. doi:10.1111/1365-2745.13104",2018,Journal of Ecology,PCA on relative abundances of soil bacteria and soil chemistry. Bi-plot used to look for separation in communities,NA,NA,interpret/confirm results of other analyses,2,NA,NA,NA,PERMANOVA,PCoA,"""Ordination by PCA based on relative abundance of soil bacterial phyla and soil properties at the start of the experiment (i.e., field soils prior to soil sterilization) showed a clear separation between Lygeum and Salsola soil communities (Figure 5), with the first two axes explaining 67.71% of the total variance. """
https://besjournals.onlinelibrary.wiley.com/doi/10.1111/1365-2745.12952,"Martinez, K. A., & Fridley, J. D. (2018). Acclimation of leaf traits in seasonal light environments: Are non-native species more plastic? Journal of Ecology, 106(5), 2019–2030. doi:10.1111/1365-2745.12952",2018,Journal of Ecology,Used parameters derived from bayesian model posteriors as variables in PCA. PCA along with Hotelling tests used to test for difference in leaf traits between species and among seasons.,NA,NA,PCs used as variables,2,Interest in relationships with raw variables,response,yes,Hotelling test,NA,"""Mean values of the posterior distributions of the above parameters were used in linear models to analyse seasonal trait plasticity and in a principal component analysis (PCA) incorporating laboratory-measured leaf traits."" ""To compare suites of leaf traits between nativity groups and across seasons, we performed a PCA on ranked values of all leaf traits and photosynthetic parameters. Multivariate inference was based on Hotelling tests for season, nativity and their interaction, and post hoc corrections on individual leaf traits included Hochberg's test (Curran, 2017)."" Authors seem interested in specific leaf traits that respond to season and nativity.  Better suited to something like PLS or RDA."
https://besjournals.onlinelibrary.wiley.com/doi/10.1111/1365-2745.13112,"Satdichanh, M., Ma, H., Yan, K., Dossa, G. G. O., Winowiecki, L., Vågen, T., … Harrison, R. D. (2018). Phylogenetic diversity correlated with above‐ground biomass production during forest succession: Evidence from tropical forests in Southeast Asia. Journal of Ecology, 107(3), 1419–1432. doi:10.1111/1365-2745.13112",2018,Journal of Ecology,PCA on 7 soil parameters. Three PCs used in correlation tests with net relatedness index.Used PCs as co-variates in structural equation models to test for associations with above ground biomass,NA,NA,PCs used as variables,3,Interest in relationships with raw variables,predictor,no,NA,NA,"""Principle component analysis was applied on the seven selected soil fertility parameters from each site to reduce the number of parameters. """
https://besjournals.onlinelibrary.wiley.com/doi/10.1111/1365-2745.13043,"Duffin, K. I., Li, S., & Meiners, S. J. (2018). Species pools and differential performance generate variation in leaf nutrients between native and exotic species in succession. Journal of Ecology, 107(2), 595–605. doi:10.1111/1365-2745.13043",2018,Journal of Ecology,PCA on 6 leaf nutrients. Bi-plot of first two PCs used to visualize data only. Hypothesis testing done with MANOVA,NA,NA,interpret/confirm results of other analyses,2,NA,NA,NA,MANOVA,NA,"""Analyses revolved around identifying species pool and differential performance-based variation between native and exotic species in succession."""
https://besjournals.onlinelibrary.wiley.com/doi/10.1111/1365-2745.12977,"Zhou, M., Bai, W., Zhang, Y., & Zhang, W.-H. (2018). Multi-dimensional patterns of variation in root traits among coexisting herbaceous species in temperate steppes. Journal of Ecology, 106(6), 2320–2331. doi:10.1111/1365-2745.12977",2018,Journal of Ecology,"PCA to extract main axes of variation in root traits. Used to test whether a single-axis ""root economics spectrum"" exists. They found three axes that explained a large proportion of variation rather than one.",NA,NA,PCs used as variables,3,PCs as main axes of variation,NA,NA,NA,NA,"""The main variation axis of root traits was detected by PCA"""
https://besjournals.onlinelibrary.wiley.com/doi/10.1111/1365-2745.13020,"Hegstad, R. J., & Maron, J. L. (2018). Productivity and related soil properties mediate the population‐level consequences of rodent seed predation on Blanketflower,Gaillardia aristata. Journal of Ecology, 107(1), 34–44. doi:10.1111/1365-2745.13020",2018,Journal of Ecology,"PCA on 8 vegetation and soil variables. Two PCs used as predictors in regressions, linear mixed effects models and Analysis of Covariance (ANCOVA).",NA,NA,PCs used as variables,2,Interest in relationships with raw variables,predictor,yes,NA,NA,"""We conducted a principle component analysis (using prcomp; base R) to reduce site productivity and soil measurements into several multivariate axes. """
https://besjournals.onlinelibrary.wiley.com/doi/10.1111/1365-2745.12953,"Erktan, A., Roumet, C., Bouchet, D., Stokes, A., Pailler, F., & Munoz, F. (2018). Two dimensions define the variation of fine root traits across plant communities under the joint influence of ecological succession and annual mowing. Journal of Ecology, 106(5), 2031–2042. doi:10.1111/1365-2745.12953",2018,Journal of Ecology,PCA on 6 root traits separately for mown and unmown communities. Used PCA bi-plots to see how root traits change with succession.,NA,NA,interpret/confirm results of other analyses,2,NA,NA,NA,NA,NA,"If they wanted to know which root traits vary with succession, a supervised method would have been more appropriate. RDA, for example, could test for the joint effects of mowing and succession (and interactions) on root traits."
https://besjournals.onlinelibrary.wiley.com/doi/10.1111/1365-2745.13066,"Kleyer, M., Trinogga, J., Cebrián-Piqueras, M. A., Trenkamp, A., Fløjgaard, C., Ejrnaes, R., … Blasius, B. (2018). Trait correlation network analysis identifies biomass allocation traits and stem specific length as hub traits in herbaceous perennial plants. Journal of Ecology, 107(2), 829–842. doi:10.1111/1365-2745.13066",2018,Journal of Ecology,"Used heirarcical clustering to identify traits belonging to clusters.Individual PCAs on those groups of traits to determine ""module values""",NA,NA,Unsupervised only,2,NA,NA,NA,NA,heirarchical clustering,The authors are interested in main axes of plant trait variation
https://besjournals.onlinelibrary.wiley.com/doi/10.1111/1365-2745.13092,"Carvajal, D. E., Loayza, A. P., Rios, R. S., Delpiano, C. A., & Squeo, F. A. (2018). A hyper‐arid environment shapes an inverse pattern of the fast–slow plant economics spectrum for above‐, but not below‐ground resource acquisition strategies. Journal of Ecology, 107(3), 1079–1092. doi:10.1111/1365-2745.13092",2018,Journal of Ecology,PCA on leaf traits. PC1 used as a proxy for plant economics spectrum as a predictor in several regressions,NA,NA,PCs used as variables,1,PCs as main axes of variation,predictor,NA,PERMANOVA,NA,"""To evaluate the shift in the functional structure of shrub assemblages in different plant organs along the aridity gradient, we performed separate principal component analyses (PCAs) for leaf and root traits. """
https://besjournals.onlinelibrary.wiley.com/doi/10.1111/1365-2745.12999,"Bezemer, T. M., Jing, J., Bakx-Schotman, J. M. T., & Bijleveld, E.-J. (2018). Plant competition alters the temporal dynamics of plant-soil feedbacks. Journal of Ecology, 106(6), 2287–2300. doi:10.1111/1365-2745.12999",2018,Journal of Ecology,PCA used for visualizing data. Distance-based RDA used to test effects of soil treatments on fungal community composition,NA,hypothesis testing,Unsupervised only,2,NA,NA,NA,CCA,NA,"Because dbRDA was used, no score plot was available, so the authors used PCA to visualize the data."
https://besjournals.onlinelibrary.wiley.com/doi/10.1111/1365-2745.13061,"Feng, Y., Fouqueray, T. D., & van Kleunen, M. (2018). Linking Darwin’s naturalisation hypothesis and Elton’s diversity-invasibility hypothesis in experimental grassland communities. Journal of Ecology, 107(2), 794–805. doi:10.1111/1365-2745.13061",2018,Journal of Ecology,PCA on two functional traits of several plant species. Three PCs used in calculations of functional distance and functional diversity. These are in turn used as predictor variables in GLMMs,NA,NA,PCs used as variables,3,PCs as main axes of variation,predictor,NA,NA,NA,"""we did principal component analysis (PCA) to get orthogonal trait axes, and used the resulting three PCA axes to do the FDist and FDiv calculations.""In this paper, the hypotheses center around functional differences in communities, so using PCA in this way makes sense to me."
https://besjournals.onlinelibrary.wiley.com/doi/10.1111/1365-2745.13075,"Zambrano, J., Fagan, W. F., Worthy, S. J., Thompson, J., Uriarte, M., Zimmerman, J. K., … Swenson, N. G. (2018). Tree crown overlap improves predictions of the functional neighbourhood effects on tree survival and growth. Journal of Ecology, 107(2), 887–900. doi:10.1111/1365-2745.13075",2018,Journal of Ecology,PCA on 8 functional plant traits. Two PCs used as predictors in bayesian heirarchical analysis run in JAGS,NA,NA,PCs used as variables,2,Reason for PCA unclear or unknown,predictor,NA,NA,NA,It's not entirely clear if the authors are interested primarily in the plant traits that represent the main axes of variation or if they are interested in the plant traits that best predict growth and survival
https://besjournals.onlinelibrary.wiley.com/doi/10.1111/1365-2745.13034,"Sakaguchi, S., Horie, K., Ishikawa, N., Nishio, S., Worth, J. R. P., Fukushima, K., … Ito, M. (2018). Maintenance of soil ecotypes ofSolidago virgaureain close parapatry via divergent flowering time and selection against immigrants. Journal of Ecology, 107(1), 418–435. doi:10.1111/1365-2745.13034",2018,Journal of Ecology,PCA on genetic marker data. Plot of first two PCs used to visualize differentiation between sites and ecotypes.,NA,NA,Unsupervised only,2,NA,NA,NA,Analysis of Molecular Variance (AMOVA),NA,"We think in this case the authors are probably interested in a main axis of variation in genetic marker data, rather than which markers best separate ecotypes."
https://besjournals.onlinelibrary.wiley.com/doi/10.1111/1365-2745.12989,"Beckman, N. G., Bullock, J. M., & Salguero-Gómez, R. (2018). High dispersal ability is related to fast life-history strategies. Journal of Ecology, 106(4), 1349–1362. doi:10.1111/1365-2745.12989",2018,Journal of Ecology,PCAs on plant traits with and without dispersal ability included. Described changes in loadings of three PCs to describe the relationship between plant functional traits and dispersal ability.,NA,NA,PCs used as variables,3,Interest in relationships with raw variables,predictor,yes,PERMANOVA,NA,A primary goal of the study was to determine which plant functional traits relate to dispersal ability. To this end they performed PCA with and without dispersal ability and looked at how the loadings changed. This is definitely a situation where the authors could have benefitted from using a supervised approach like PLS or RDA which return loadings.
https://besjournals.onlinelibrary.wiley.com/doi/10.1111/1365-2745.12944,"Barbe, L., Mony, C., Jung, V., Santonja, M., Bartish, I., & Prinzing, A. (2018). Functionally or phylogenetically distinct neighbours turn antagonism among decomposing litter species into synergy. Journal of Ecology, 106(4), 1401–1414. doi:10.1111/1365-2745.12944",2018,Journal of Ecology,PCA on 4 litter traits.  Used to visualize data only,NA,NA,Unsupervised only,2,NA,NA,NA,NA,NA,NA
https://besjournals.onlinelibrary.wiley.com/doi/10.1111/1365-2745.13067,"Draper, F. C., Baraloto, C., Brodrick, P. G., Phillips, O. L., Martinez, R. V., Honorio Coronado, E. N., … Asner, G. P. (2018). Imaging spectroscopy predicts variable distance decay across contrasting Amazonian tree communities. Journal of Ecology, 107(2), 696–710. doi:10.1111/1365-2745.13067",2018,Journal of Ecology,"PCA on processed spectral image data. Looked at 35 PCs, discarded any that captured background or artifacts.  Resulted in 4–8 useful PCs. PCs used in k-means clustering to cluster pixels into one of 50 groups to flatten multi-layer image into single layer image.",NA,NA,Unsupervised only,8,NA,NA,NA,NA,"NMDS, k-means clustering","""We performed a principal component analysis (PCA) on our processed spectral image in order to reduce the high dimensionality of the spectral data and to isolate and remove sampling artefacts such as cross‐track brightness gradients."""
https://besjournals.onlinelibrary.wiley.com/doi/10.1111/1365-2745.13014,"Barbour, M. A., Erlandson, S., Peay, K., Locke, B., Jules, E. S., & Crutsinger, G. M. (2018). Trait plasticity is more important than genetic variation in determining species richness of associated communities. Journal of Ecology, 107(1), 350–360. doi:10.1111/1365-2745.13014",2018,Journal of Ecology,PCA on 9 plant traits separately for each year of experiment. PCs used as predictors in linear mixed-effects models to test for relationship with arthropod richness. PCs used as response variables in order to test effects of wind and aphid-ant mutualisms on plant traits.,NA,NA,PCs used as variables,2,PCs as main axes of variation,predictor,NA,NA,NA,"Authors are explicitly interested in trait variation, i.e. PC1"
https://besjournals.onlinelibrary.wiley.com/doi/10.1111/1365-2745.13000,"Hapsari, K. A., Biagioni, S., Jennerjahn, T. C., Reimer, P., Saad, A., Sabiham, S., & Behling, H. (2018). Resilience of a peatland in Central Sumatra, Indonesia to past anthropogenic disturbance: Improving conservation and restoration designs using palaeoecology. Journal of Ecology, 106(6), 2473–2490. doi:10.1111/1365-2745.13000",2018,Journal of Ecology,PCA on pollen composition of soil cores. Used to visualize change in vegetation over time.,NA,NA,Unsupervised only,2,NA,NA,NA,NA,NA,"""Principle component analysis results based on pollen and spore data demonstrate the characteristics of taxa assemblage and reveal changes in vegetation over time (Figure 6). ""  Their approach reveals changes in the vegetation community over time (the plants that vary the most across all samples)."
https://besjournals.onlinelibrary.wiley.com/doi/10.1111/1365-2745.12956,"Castagneyrol, B., Jactel, H., & Moreira, X. (2018). Anti-herbivore defences and insect herbivory: Interactive effects of drought and tree neighbours. Journal of Ecology, 106(5), 2043–2057. doi:10.1111/1365-2745.12956",2018,Journal of Ecology,"PCA on 6 leaf traits. Used in linear mixed effects models as response variables.  In addition, researchers conducted separate LMM for each of the 6 traits.",NA,NA,PCs used as variables,2,Interest in relationships with raw variables,response,maybe,NA,NA,This would be a good candidate for partial RDA
https://besjournals.onlinelibrary.wiley.com/doi/10.1111/1365-2745.12967,"Harrison, J. G., Parchman, T. L., Cook, D., Gardner, D. R., & Forister, M. L. (2018). A heritable symbiont and host-associated factors shape fungal endophyte communities across spatial scales. Journal of Ecology, 106(6), 2274–2286. doi:10.1111/1365-2745.12967",2018,Journal of Ecology,"PCA on 13,366 SNPs collected from locoweed individuals.  MDS on fungal community of plants (287 OTUs). Another PCA on 9 soil variables.  Raw abundances of fungal OTUs used in multiple regression.",NA,NA,Unsupervised only,2,NA,NA,NA,NA,PCoA,"""We used multiple regression to investigate the predictors of fungal richness, diversity and average between‐plant turnover among locoweed populations. ""  Because of the problems in collinearity of predictors that they've acknowledged, PLS regression might be a better option for answering this qustion"
https://besjournals.onlinelibrary.wiley.com/doi/10.1111/1365-2745.13027,"Maron, J. L., Hajek, K. L., Hahn, P. G., & Pearson, D. E. (2018). Rodent seed predators and a dominant grass competitor affect coexistence of co-occurring forb species that vary in seed size. Journal of Ecology, 106(5), 1795–1805. doi:10.1111/1365-2745.13027",2018,Journal of Ecology,PCA on 4 plant functional traits. First PC used in linear mixed effects models.,NA,NA,PCs used as variables,2,Interest in relationships with raw variables,predictor,maybe,NA,NA,"""In order to determine whether seed size covaried with the other functional traits we measured, we performed a principle components analysis (PCA) using the prcomp function in r (R Core Team, 2017). The analysis used the correlation matrix of the traits.""  Authors are explicitly looking to explain co-variation with a response variable but use an unsupervised method (PCA)"
https://besjournals.onlinelibrary.wiley.com/doi/10.1111/1365-2745.13082,"Borges, I. L., Forsyth, L. Z., Start, D., & Gilbert, B. (2018). Abiotic heterogeneity underlies trait-based competition and assembly. Journal of Ecology, 107(2), 747–756. doi:10.1111/1365-2745.13082",2018,Journal of Ecology,PCA on 12 soil variables. 3 PCs used as predictors in generalized linear mixed effects models with a binomial error distribution.,NA,NA,PCs used as variables,3,Interest in relationships with raw variables,predictor,maybe,NA,NA,NA
https://besjournals.onlinelibrary.wiley.com/doi/10.1111/1365-2745.12973,"Blonder, B., Kapas, R. E., Dalton, R. M., Graae, B. J., Heiling, J. M., & Opedal, Ø. H. (2018). Microenvironment and functional-trait context dependence predict alpine plant community dynamics. Journal of Ecology, 106(4), 1323–1337. doi:10.1111/1365-2745.12973",2018,Journal of Ecology,PCA on 17 microenvironmental traits. PCs with eigenvalues > 1 used to determine realized niche of species as location of centriod for each species. Used as response in linear mixed effects models. Separate PCA on 20+ plant traits. PCs used as predictors in those mixed effects models.,NA,NA,PCs used as variables,10,Interest in relationships with raw variables,both,maybe,NA,NA,Might be better answered with procrustes analysis or PLS using all microenvironment traits as the Y matrix and plant traits as the X matrix.
https://besjournals.onlinelibrary.wiley.com/doi/10.1111/1365-2745.13002,"Burghardt, K. T., Bradford, M. A., & Schmitz, O. J. (2018). Acceleration or deceleration of litter decomposition by herbivory depends on nutrient availability through intraspecific differences in induced plant resistance traits. Journal of Ecology, 106(6), 2380–2394. doi:10.1111/1365-2745.13002",2018,Journal of Ecology,"Used RDA and partial RDA to test effects of herbivory, nutrients, genotype, and their interactions on leaf litter decomposition rates.",NA,hypothesis testing,NA,NA,NA,NA,NA,NA,NA,This paper does a great job of describing RDA use and interpretation.
https://besjournals.onlinelibrary.wiley.com/doi/10.1111/1365-2745.12968,"Sangüesa-Barreda, G., Camarero, J. J., Pironon, S., Gazol, A., Peguero-Pina, J. J., & Gil-Pelegrín, E. (2018). Delineating limits: Confronting predicted climatic suitability to field performance in mistletoe populations. Journal of Ecology, 106(6), 2218–2229. doi:10.1111/1365-2745.12968",2018,Journal of Ecology,PCA used to select orthogonal WorldClim variables.,NA,NA,Unsupervised only,NA,NA,NA,NA,NA,NA,"""We reduced multicollinearity among the 19 bioclimatic variables provided by Worldclim by using principal component analysis and correlation matrix analyses (results not shown). We selected the following five variables: temperature seasonality (BIO4), mean temperature of the wettest (BIO8) and coldest (BIO11) quarters, precipitation of the driest (BIO17) and coldest (BIO19) quarters."""
https://besjournals.onlinelibrary.wiley.com/doi/10.1111/1365-2745.12997,"Visser, M. D., Muller-Landau, H. C., Schnitzer, S. A., de Kroon, H., Jongejans, E., & Wright, S. J. (2018). A host-parasite model explains variation in liana infestation among co-occurring tree species. Journal of Ecology, 106(6), 2435–2445. doi:10.1111/1365-2745.12997",2018,Journal of Ecology,"PCA on 5 traits related to shade tolerance.  First PC used as a shade intolerance index used in correlation analyses.  A second approach uses ""multivariate latent variable analysis using structural equation models (SEMs)"" where shade intolerance is modeled as a latent variable.",NA,NA,PCs used as variables,1,Interest in relationships with raw variables,response,no,NA,NA,"In the first use of PCA, they are interested in specific plant traits."
https://besjournals.onlinelibrary.wiley.com/doi/10.1111/1365-2745.13094,"Rolhauser, A. G., Nordenstahl, M., Aguiar, M. R., & Pucheta, E. (2018). Community-level natural selection modes: A quadratic framework to link multiple functional traits with competitive ability. Journal of Ecology, 107(3), 1457–1468. doi:10.1111/1365-2745.13094",2018,Journal of Ecology,"PCA on 8 functional plant traits. 3 PCs used as predictors in linear mixed effects models.  In addition, a model was built using 7 of these plant traits (the model with best AIC).",NA,NA,PCs used as variables,3,Interest in relationships with raw variables,predictor,maybe,NA,NA,"The goal seems to be linking plant traits to competitive ability, without a prior hypotheses about traits"
https://besjournals.onlinelibrary.wiley.com/doi/10.1111/1365-2745.12937,"Barks, P. M., Dempsey, Z. W., Burg, T. M., & Laird, R. A. (2018). Among-strain consistency in the pace and shape of senescence in duckweed. Journal of Ecology, 106(5), 2132–2145. doi:10.1111/1365-2745.12937",2018,Journal of Ecology,PCA on 2 environmental variables.  One PC along with other environmental variables used as predictors in multielevel bayesian models.,NA,NA,PCs used as variables,1,Interest in relationships with raw variables,predictor,no,NA,NA,"""Ln‐transformed TDN and TDP were strongly correlated, so we used principal component analysis to reduce them into a single principal component that explained 92% of their covariation."""
https://besjournals.onlinelibrary.wiley.com/doi/10.1111/1365-2745.13007,"Doležal, J., Lanta, V., Mudrák, O., & Lepš, J. (2018). Seasonality promotes grassland diversity: Interactions with mowing, fertilization and removal of dominant species. Journal of Ecology, 107(1), 203–215. doi:10.1111/1365-2745.13007",2018,Journal of Ecology,Used RDA to test for effects of seasonality on species composition.,NA,hypothesis testing,NA,NA,NA,NA,NA,NA,NA,NA
https://link.springer.com/article/10.1007/s00442-018-4074-x,"Bestová, H., Munoz, F., Svoboda, P., Škaloud, P., & Violle, C. (2018). Ecological and biogeographical drivers of freshwater green algae biodiversity: from local communities to large-scale species pools of desmids. Oecologia, 186(4), 1017–1030. doi:10.1007/s00442-018-4074-x",2018,Oecologia,"PCA on WorldClim data. 2 PCs used to measure euclidean environmental distance between communities.  In addition, used PLS with the full set of WorldClim variables as predictors.",hypothesis testing,NA,PCs used as variables,2,PCs as main axes of variation,predictor,NA,Mantel test,NA,Here their PCA and PLS answer different questions.  PCA is used to measure distance between communities in the climatic traits that vary the most among all communities.  PLS is used to ask which climate traits in particular vary with a response.
https://link.springer.com/article/10.1007/s00442-018-4177-4,"Hinman, E. D., & Fridley, J. D. (2018). To spend or to save? Assessing energetic growth-storage tradeoffs in native and invasive woody plants. Oecologia, 188(3), 659–669. doi:10.1007/s00442-018-4177-4",2018,Oecologia,"PLS used to predict nonstructural carbohydrates from near infrared data using a model trained by the authors. PCA on 3 variables (one of which is categorical, with two levels).  Resulting two PCs used as predictors in MANOVA.",predictive,NA,PCs used as variables,2,Interest in relationships with raw variables,both,yes,MANOVA,NA,The authors lose a lot of information about the variables by doing PCA and using PCs as inputs to a multivariate test that could have instead used the raw variables.
https://link.springer.com/article/10.1007/s00442-018-4225-0,"Wilson, J. K., Woods, H. A., & Kessler, A. (2018). High levels of abiotic noise in volatile organic compounds released by a desert perennial: implications for the evolution and ecology of airborne chemical communication. Oecologia, 188(2), 367–379. doi:10.1007/s00442-018-4225-0",2018,Oecologia,Multivariate analyses on concentrations of 19 compunds.  PCA used to confirm results of MANOVA and LDA.,NA,NA,interpret/confirm results of other analyses,NA,NA,NA,NA,"MANOVA, LDA",NA,Using PCA to confirm results of a supervised test may be inapropriate if variables that co-vary with the response do not contribute greatly to overal variation in the data.
https://link.springer.com/article/10.1007/s00442-017-4043-9,"Chauvin, K. M., Asner, G. P., Martin, R. E., Kress, W. J., Wright, S. J., & Field, C. B. (2018). Decoupled dimensions of leaf economic and anti-herbivore defense strategies in a tropical canopy tree community. Oecologia, 186(3), 765–782. doi:10.1007/s00442-017-4043-9",2018,Oecologia,PCA on 8 plant traits and PCoA on 11 plant traits.  Used to describe major axes of trait variation among species.,NA,NA,Unsupervised only,2,NA,NA,NA,NA,PCoA,NA
https://link.springer.com/article/10.1007/s00442-018-4218-z,"Thomson, J. A., Whitman, E. R., Garcia-Rojas, M. I., Bellgrove, A., Ekins, M., Hays, G. C., & Heithaus, M. R. (2018). Individual specialization in a migratory grazer reflects long-term diet selectivity on a foraging ground: implications for isotope-based tracking. Oecologia, 188(2), 429–439. doi:10.1007/s00442-018-4218-z",2018,Oecologia,PCA on diet of turtles (three possible foods).  Two PCs interpreted used in regressions as predictors.,NA,NA,PCs used as variables,2,Interest in relationships with raw variables,predictor,yes,NA,NA,"In the methods, the authors say the PCs were interpretable, but it seems this interpretation is actually a result of the regressions they do"
https://link.springer.com/article/10.1007/s00442-018-4162-y,"Kergunteuil, A., Descombes, P., Glauser, G., Pellissier, L., & Rasmann, S. (2018). Plant physical and chemical defence variation along elevation gradients: a functional trait-based approach. Oecologia, 187(2), 561–571. doi:10.1007/s00442-018-4162-y",2018,Oecologia,"PCA on 7 comunity weighted means of plant traits. Bi-plot of two PCs used to describe functional differences along elevation.  Additionally, each trait is used in a separate regression against elevation.",NA,NA,PCs used as variables,2,Interest in relationships with raw variables,response,yes,NA,NA,The focus of the paper is determining what plant traits vary with elevation.  This would be best answered with a supervised approach.
https://link.springer.com/article/10.1007/s00442-018-4240-1,"Munubi, R. N., McIntyre, P. B., & Vadeboncoeur, Y. (2018). Do grazers respond to or control food quality? Cross-scale analysis of algivorous fish in littoral Lake Tanganyika. Oecologia, 188(3), 889–900. doi:10.1007/s00442-018-4240-1",2018,Oecologia,PCA on 7 algal composition metrics. 2 PCs used as predictors in regressions.,NA,NA,PCs used as variables,2,Interest in relationships with raw variables,predictor,yes,NA,NA,NA
https://link.springer.com/article/10.1007/s00442-018-4289-x,"Curtis, E. M., Knight, C. A., & Leigh, A. (2018). Intracanopy adjustment of leaf-level thermal tolerance is associated with microclimatic variation across the canopy of a desert tree (Acacia papyrocarpa). Oecologia, 189(1), 37–46. doi:10.1007/s00442-018-4289-x",2018,Oecologia,PCA with oblique rotation on 3 microlcimactic variables.  One PC used as a predictor in ANOVA and linear regression.,NA,NA,PCs used as variables,1,Interest in relationships with raw variables,predictor,yes,NA,NA,"Oblique rotation means resulting PCs are not orthogonal (the result of varimax rotation), but can be correlated. Unsure if oblique rotation is an option or would be necessary if PLS was used."
https://link.springer.com/article/10.1007/s00442-018-4310-4,"Cheynel, L., Douhard, F., Gilot-Fromont, E., Rey, B., Débias, F., Pardonnet, S., … Lemaître, J.-F. (2018). Does body growth impair immune function in a large herbivore? Oecologia, 189(1), 55–68. doi:10.1007/s00442-018-4310-4",2018,Oecologia,PCA on 12 immune traits.  Used to look for main axes of variation in immune traits.  PERMANOVA used to test for relationship between growth rate and immune traits.,NA,NA,Unsupervised only,2,NA,NA,NA,PERMANOVA,NA,They converted growth rate into a binary categorical variable (slowest vs fastest growers) which is uneccessary for PERMANOVA and results in lost information.
https://link.springer.com/article/10.1007/s00442-018-4311-3,"Zhao, T., Villéger, S., & Cucherousset, J. (2018). Accounting for intraspecific diversity when examining relationships between non-native species and functional diversity. Oecologia, 189(1), 171–183. doi:10.1007/s00442-018-4311-3",2018,Oecologia,"PCA on 16 functional traits. 4 PCs used to build a ""functional space"".  Used for variance partitioning to determine how much variance is due to inter and intraspecific differences in this trait space. PCs used in PERMANOVA.",NA,NA,PCs used as variables,4,PCs as main axes of variation,response,NA,PERMANOVA,NA,NA
https://link.springer.com/article/10.1007/s00442-018-4223-2,"Zhou, Z., Ollinger, S. V., & Lepine, L. (2018). Landscape variation in canopy nitrogen and carbon assimilation in a temperate mixed forest. Oecologia, 188(2), 595–606. doi:10.1007/s00442-018-4223-2",2018,Oecologia,PLS used to predict nitrogen from remote sensing data.  Authors trained a model using data they collected and used the model to predict nitrogen for other plots.,predictive,NA,NA,NA,NA,NA,NA,NA,NA,NA
https://link.springer.com/article/10.1007/s00442-018-4180-9,"Ng, K., Barton, P. S., Blanchard, W., Evans, M. J., Lindenmayer, D. B., Macfadyen, S., … Driscoll, D. A. (2018). Disentangling the effects of farmland use, habitat edges, and vegetation structure on ground beetle morphological traits. Oecologia, 188(3), 645–657. doi:10.1007/s00442-018-4180-9",2018,Oecologia,"PCA on 12 trait variables.  PC2, PC3, and PC4 used in fourth-corner analysis.",NA,NA,PCs used as variables,4,Reason for PCA unclear or unknown,both,NA,fourth corner analysis,NA,"Table 2 describes all the statistical analyses for the paper. Unclear why all 12 trait variables aren't used in fourth-corner analysis directly, but we are not very familiar with this technique."
https://link.springer.com/article/10.1007/s00442-018-4116-4,"Humphrey, P. T., Gloss, A. D., Frazier, J., Nelson–Dittrich, A. C., Faries, S., & Whiteman, N. K. (2018). Heritable plant phenotypes track light and herbivory levels at fine spatial scales. Oecologia, 187(2), 427–445. doi:10.1007/s00442-018-4116-4",2018,Oecologia,PCA on 4 plant triats. PC1 and PC2 used separately as resposne variables in linear mixed effects models.  This method was repeated on the concentration of 8 glucosinolates.,NA,NA,PCs used as variables,2,Interest in relationships with raw variables,response,maybe,NA,NA,"Authors do an excellent job justifying their methods. However, this experimental design might have been a good candidate for partial RDA."
https://link.springer.com/article/10.1007/s00442-018-4288-y,"Varzinczak, L. H., Moura, M. O., Lima, C. S., & Passos, F. C. (2018). How do bat, rodent, and marsupial communities respond to spatial and environmental gradients? Insights from a deconstruction of mammal beta diversity from the Atlantic Forest of South America. Oecologia, 189(4), 851–861. doi:10.1007/s00442-018-4288-y",2018,Oecologia,PCA on 8 environmental variables.  PCs used to calculate pairwise euclidean distances among species. Used the resulting matrix in a Mantel test.,NA,NA,PCs used as variables,NA,Reason for PCA unclear or unknown,predictor,NA,Mantel test,NA,"""To circumvent the multicollinearity between environmental variables, we summarized environmental data in a principal component analysis (PCA)"" This implies that they would have included raw variables if they could.  However, they use these PCs to calculate pairwise Euclidean distances, which implies they are interested in main axes of variation."
https://link.springer.com/article/10.1007/s00442-018-4172-9,"Ruocco, M., Marín-Guirao, L., Ravaglioli, C., Bulleri, F., & Procaccini, G. (2018). Molecular level responses to chronic versus pulse nutrient loading in the seagrass Posidonia oceanica undergoing herbivore pressure. Oecologia, 188(1), 23–39. doi:10.1007/s00442-018-4172-9",2018,Oecologia,PERMANOVA on expression of 19 genes of interest as a response.  PCA used for visualizing results of PERMANOVA,NA,NA,interpret/confirm results of other analyses,2,NA,NA,NA,PERMANOVA,NA,PCA is unsupervised and may not pick up on the same variables as PERMANOVA.  RDA might have been a better option here because it is supervised and produces principal component axes.
https://link.springer.com/article/10.1007/s00442-017-4044-8,"Valverde-Barrantes, O. J., Smemo, K. A., Feinstein, L. M., Kershner, M. W., & Blackwood, C. B. (2017). Patterns in spatial distribution and root trait syndromes for ecto and arbuscular mycorrhizal temperate trees in a mixed broadleaf forest. Oecologia, 186(3), 731–741. doi:10.1007/s00442-017-4044-8",2018,Oecologia,"Used PCA on a subset of soil variables to reduce dimensionality. PC1 interpreted as ""soil fertility"" and used as a co-variate in ANOVA tests. RDA used to test for linear relationship between soil parameters and a mycorrhizal index.",NA,hypothesis testing,PCs used as variables,1,PCs as main axes of variation,predictor,NA,PERMANOVA,NA,NA
https://link.springer.com/article/10.1007/s00442-018-4130-6,"Aranguren-Riaño, N. J., Guisande, C., Shurin, J. B., Jones, N. T., Barreiro, A., & Duque, S. R. (2018). Amino acid composition reveals functional diversity of zooplankton in tropical lakes related to geography, taxonomy and productivity. Oecologia, 187(3), 719–730. doi:10.1007/s00442-018-4130-6",2018,Oecologia,"PCA on physical and chemical conditions in lakes. PC1 interpreted as ""trophic status"" and used as predictor in regression.  For a separate analysis, linear discriminant analysis (supervised) is used to test for separation of locations and taxa by amino acid composition.",NA,NA,PCs used as variables,2,PCs as main axes of variation,both,NA,LDA,PCoA,"""Associations among the different aspects of the physical and chemical environment of the lakes were analyzed by principal components analysis (PCA)."""
https://link.springer.com/article/10.1007/s00442-018-4165-8,"Wigley, B. J., Fritz, H., & Coetsee, C. (2018). Defence strategies in African savanna trees. Oecologia, 187(3), 797–809. doi:10.1007/s00442-018-4165-8",2018,Oecologia,PCA on 4 soil variables. Clustering in PCA space used to identify different soil types. Used k-means clustering and LDA to determine if there were groupings in plant trait space.,NA,NA,Unsupervised only,2,NA,NA,NA,LDA,k-means clustering,"""To test whether our sites diverged in terms of nutrient status, we used soil P, soil N, soil C:N, and SB in a principal component analysis (PCA). ""  PCA, being an unsupervised analysis, can only show how sites differ in nutrients that contribute to the most variation among all samples.  Using these PCs in an analysis with plant traits is different from asking ""Which nutrients affect [plant trait]?"""
https://link.springer.com/article/10.1007/s00442-018-4226-z,"Hopley, T., & Byrne, M. (2018). Connectivity in riparian plants: influence of vegetation type and habitat fragmentation overrides water flow. Oecologia, 188(2), 465–478. doi:10.1007/s00442-018-4226-z",2018,Oecologia,"DAPC and spatial PCA on 30,000+ SNPs.  DAPC is PCA followed by LDA using PC axes as predictors.",NA,NA,PCs used as variables,2,PCs as main axes of variation,predictor,NA,"LDA, generalized dissimilarity modeling",spatial PCA,"According to the documentation for the DAPC function they used, this is PCA followed by LDA on some number of principal components.  So this is essentially equivalent to a principal component regression with a categorical response and multiple PCs as predictors. Because of the large number of SNPs and because researchers aren't interested in specific SNPs but rather genetic distance, this seems entirely justified."
https://link.springer.com/article/10.1007/s00442-018-4283-3,"Siegert, C. M., Clay, N. A., Tang, J. D., Garrigues, L. G., & Riggins, J. J. (2018). Indirect effects of bark beetle-generated dead wood on biogeochemical and decomposition processes in a pine forest. Oecologia, 188(4), 1209–1226. doi:10.1007/s00442-018-4283-3",2018,Oecologia,PCA used to visualize and confirm results of PERMANOVA,NA,NA,interpret/confirm results of other analyses,2,NA,NA,NA,PERMANOVA,NA,PCA is unsupervised and may not pick up on the same variables as PERMANOVA.  RDA might have been a better option here because it is supervised and produces principal component axes.
https://link.springer.com/article/10.1007/s00442-018-4298-9,"Symons, C. C., Schulhof, M. A., Cavalheri, H. B., & Shurin, J. B. (2018). Antagonistic effects of temperature and dissolved organic carbon on fish growth in California mountain lakes. Oecologia, 189(1), 231–241. doi:10.1007/s00442-018-4298-9",2018,Oecologia,PCA on 2 indices of disolved organic carbon quality. PC2 used as predictor in linear regressions along with 9 other variables.,NA,NA,PCs used as variables,2,Interest in relationships with raw variables,predictor,yes,NA,NA,PCA explicitly used to deal with multicollinearity
https://link.springer.com/article/10.1007/s00442-018-4060-3,"Jiang, F., Xun, Y., Cai, H., & Jin, G. (2018). Functional traits can improve our understanding of niche- and dispersal-based processes. Oecologia, 186(3), 783–792. doi:10.1007/s00442-018-4060-3",2018,Oecologia,"PCA used to reduce trait redundancy.  5 PCs used in a multivariable trait dendrogram, which, in turn, was used to generate a trait distance matrix between species. Additionally, partial RDA used for hypothesis testing.",NA,hypothesis testing,PCs used as variables,5,PCs as main axes of variation,response,NA,NA,NA,NA
https://link.springer.com/article/10.1007/s00442-018-4287-z,"Ramírez-Bautista, A., & Williams, J. N. (2018). The importance of productivity and seasonality for structuring small rodent diversity across a tropical elevation gradient. Oecologia, 190(2), 275–286. doi:10.1007/s00442-018-4287-z",2018,Oecologia,"PCA on habitat, climate, and productivity variables.  Used to select orthogonal predictor variables for linear regressions.",NA,NA,Unsupervised only,NA,NA,NA,NA,NA,NA,NA
https://link.springer.com/article/10.1007/s00442-018-4309-x,"Santillán, V., Quitián, M., Tinoco, B. A., Zárate, E., Schleuning, M., Böhning-Gaese, K., & Neuschulz, E. L. (2018). Different responses of taxonomic and functional bird diversity to forest fragmentation across an elevational gradient. Oecologia, 189(4), 863–873. doi:10.1007/s00442-018-4309-x",2018,Oecologia,Used PCoA on functional traits to calculate euclidean distances between species to describe functional diverstiy.  Functional diversity used in linear mixed effects models.,NA,NA,PCs used as variables,2,PCs as main axes of variation,both,NA,fourth corner analysis,PCoA,NA
https://link.springer.com/article/10.1007/s00442-018-4269-1,"Sena, P. H. A., Lins-e-Silva, A. C. B., & Gonçalves-Souza, T. (2018). Integrating trait and evolutionary differences untangles how biodiversity affects ecosystem functioning. Oecologia, 188(4), 1121–1132. doi:10.1007/s00442-018-4269-1",2018,Oecologia,"Discriminant analysis of principal components (DAPC, PCA followed by LDA using principal components as variables) on functional and phylogenetic distance measures.  Used to check if plots were as functionally and phylogenetically diverse as they were intended to be in the experimental design.",NA,NA,PCs used as variables,NA,PCs as main axes of variation,response,NA,LDA,NA,"""To double check if selected species were functionally and phylogenetically distant (or close), we visualized them into a multidimensional space (obtained from phylogenetic/functional distances) with a Discriminant Analysis of Principal Components (DAPC, from adegenet R package; Jombart et al. 2008). """
https://link.springer.com/article/10.1007/s00442-018-4248-6,"Grman, E., Zirbel, C. R., Bassett, T., & Brudvig, L. A. (2018). Ecosystem multifunctionality increases with beta diversity in restored prairies. Oecologia, 188(3), 837–848. doi:10.1007/s00442-018-4248-6",2018,Oecologia,PCA on 5+ soil variables. PC used as predictor in SEM,NA,NA,PCs used as variables,1,Reason for PCA unclear or unknown,predictor,NA,NA,NA,NA
https://link.springer.com/article/10.1007/s00442-017-4019-9,"Welti, E. A. R., & Joern, A. (2017). Fire and grazing modulate the structure and resistance of plant–floral visitor networks in a tallgrass prairie. Oecologia, 186(2), 517–528. doi:10.1007/s00442-017-4019-9",2018,Oecologia,Partial RDA to test effects of grassland distrubance treatments on plant community and (in a separate RDA) pollinator community.,NA,hypothesis testing,NA,NA,NA,NA,NA,NA,NMDS,Partial RDA conditioned on sampling period (analagous to random effect)
https://link.springer.com/article/10.1007/s00442-018-4254-8,"Konečná, M., Moos, M., Zahradníčková, H., Šimek, P., & Lepš, J. (2018). Tasty rewards for ants: differences in elaiosome and seed metabolite profiles are consistent across species and reflect taxonomic relatedness. Oecologia, 188(3), 753–764. doi:10.1007/s00442-018-4254-8",2018,Oecologia,"RDA to partition variance in metabolome among diaspore part (eliasome vs. seed), plant taxonomy, and their interaction.",NA,hypothesis testing,NA,NA,NA,NA,NA,NA,NA,NA
https://link.springer.com/article/10.1007/s00442-018-4149-8,"Weldegergis, B. T., Zhu, F., Poelman, E. H., & Dicke, M. (2018). Correction to: Drought stress affects plant metabolites and herbivore preference but not host location by its parasitoids. Oecologia, 187(3), 873–874. doi:10.1007/s00442-018-4149-8",2018,Oecologia,"This is a correction paper. The original had made a mistake in interpreting PLS by performing a t-test on PLS scores, a method almost guaranteed to give false positives as even a non-significant PLS is likely to show separation in a score plot.  In the correction, the authors use RDA with permutation testing instead and find similar results to the original analysis. Another option would have been to perform permutation testing on the PLS.",hypothesis testing,hypothesis testing,NA,NA,NA,NA,NA,NA,NA,NA
https://link.springer.com/article/10.1007/s00442-017-3989-y,"Urban, M. C., & Roehm, R. (2017). The road to higher permanence and biodiversity in exurban wetlands. Oecologia, 186(1), 291–302. doi:10.1007/s00442-017-3989-y",2018,Oecologia,Used RDA to test for effects of land development on wetland community composition,NA,hypothesis testing,NA,NA,NA,NA,NA,NA,NA,NA
https://link.springer.com/article/10.1007/s00442-018-4294-0,"Alahuhta, J., Lindholm, M., Bove, C. P., Chappuis, E., Clayton, J., de Winton, M., … Heino, J. (2018). Global patterns in the metacommunity structuring of lake macrophytes: regional variations and driving factors. Oecologia, 188(4), 1167–1182. doi:10.1007/s00442-018-4294-0",2018,Oecologia,"Used partial RDA to partition variance in macrophyte community composition among local variables, climate variables, and spatial location.",NA,variance partitioning,NA,NA,NA,NA,NA,NA,NA,"In this analysis, the only p-value reported is for a single predictor and it is not significant.  The primary use of RDA here is variance partitioning, not hypothesis testing."
https://link.springer.com/article/10.1007/s00442-017-4033-y,"Lepinay, C., Vondráková, Z., Dostálek, T., & Münzbergová, Z. (2017). Duration of the conditioning phase affects the results of plant-soil feedback experiments via soil chemical properties. Oecologia, 186(2), 459–470. doi:10.1007/s00442-017-4033-y",2018,Oecologia,"Used RDA to test if soil chemicals were changed by plant species, duration of growth, and their interaction",NA,hypothesis testing,NA,NA,NA,NA,NA,NA,NA,NA
https://link.springer.com/article/10.1007/s00442-018-4103-9,"Krashevska, V., Malysheva, E., Klarner, B., Mazei, Y., Maraun, M., Widyastuti, R., & Scheu, S. (2018). Micro-decomposer communities and decomposition processes in tropical lowlands as affected by land use and litter type. Oecologia, 187(1), 255–266. doi:10.1007/s00442-018-4103-9",2018,Oecologia,Used distanc-based RDA to test effects of abiotic factors on bacterial and fugnal community composition.,NA,hypothesis testing,NA,NA,NA,NA,NA,"CCA, discriminant function analysis",NA,They use RDA to compare two multivariate datasets—microbial community composition and soil chemistry.
https://link.springer.com/article/10.1007/s00442-017-4038-6,"Yule, K. M., & Bronstein, J. L. (2017). Reproductive ecology of a parasitic plant differs by host species: vector interactions and the maintenance of host races. Oecologia, 186(2), 471–482. doi:10.1007/s00442-017-4038-6",2018,Oecologia,"Used distance-based RDA to test for effects of host individual, host species, parasitic plant sex, and observation date on pollinator community.",NA,hypothesis testing,NA,NA,NA,NA,NA,NA,NA,NA
https://link.springer.com/article/10.1007/s00442-018-4163-x,"Cardoso, J. C. F., Michalko, R., & Gonzaga, M. O. (2018). Specific parasites indirectly influence niche occupation of non-hosts community members. Oecologia, 188(2), 343–353. doi:10.1007/s00442-018-4163-x",2018,Oecologia,RDA was used to describe change in community composition of plants along distance from a river.,NA,hypothesis testing,NA,NA,NA,NA,NA,NA,NA,NA
https://link.springer.com/article/10.1007/s00442-017-3994-1,"Lamy, T., Reed, D. C., Rassweiler, A., Siegel, D. A., Kui, L., Bell, T. W., … Miller, R. J. (2017). Scale-specific drivers of kelp forest communities. Oecologia, 186(1), 217–233. doi:10.1007/s00442-017-3994-1",2018,Oecologia,Used RDA to test for a space–time interaction in community composition in kelp forrests.,NA,hypothesis testing,NA,NA,NA,NA,NA,NA,NA,NA
https://onlinelibrary.wiley.com/doi/full/10.1111/oik.05228,"Rota, T., Jabiol, J., Chauvet, E., & Lecerf, A. (2018). Phenotypic determinants of inter-individual variability of litter consumption rate in a detritivore population. Oikos, 127(11), 1670–1678. doi:10.1111/oik.05228",2018,Oikos,"PCA of ""warp scores"" from morphometric analysis. Used to visualize and confirm results from PERMANOVA.",NA,NA,interpret/confirm results of other analyses,2,NA,NA,NA,PERMANOVA,NA,"""We visualised correlations among traits and similarities among individuals using a principal component analysis (PCA). To prevent the influence of trivial correlations on PCA results, we specified sheltering RD and velocity × movement RD as supplementary rather than active variables. """
https://onlinelibrary.wiley.com/doi/full/10.1111/oik.05276,"Ousterhout, B. H., & Semlitsch, R. D. (2018). Effects of conditionally expressed phenotypes and environment on amphibian dispersal in nature. Oikos, 127(8), 1142–1151. doi:10.1111/oik.05276",2018,Oikos,PCA on 7 morphological traits. Used as a predictor in quantile regression.,NA,NA,PCs used as variables,2,Interest in relationships with raw variables,predictor,no,NA,NA,NA
https://onlinelibrary.wiley.com/doi/full/10.1111/oik.05265,"Stam, J. M., Dicke, M., & Poelman, E. H. (2018). Order of herbivore arrival on wild cabbage populations influences subsequent arthropod community development. Oikos, 127(10), 1482–1493. doi:10.1111/oik.05265",2018,Oikos,RDA used to test for changes in community over time and as a result of experimental treatments.,NA,hypothesis testing,NA,NA,NA,NA,NA,NA,NA,principal response curves and partial RDA are both variants of RDA.
https://onlinelibrary.wiley.com/doi/full/10.1111/oik.04907,"Guiz, J., Ebeling, A., Eisenhauer, N., Hacker, N., Hertzog, L., Oelmann, Y., … Hillebrand, H. (2018). Interspecific competition alters leaf stoichiometry in 20 grassland species. Oikos, 127(7), 903–914. doi:10.1111/oik.04907",2018,Oikos,PCA on at least 6 functional traits.  Used to select plants that spanned a range of functional space for use in an experiment. 2 PCs used to calculate pairwise distances between plant species.  PCs used in corelation tests.,NA,NA,PCs used as variables,2,Interest in relationships with raw variables,correlative,yes,NA,NA,"PCs are use both in correlation tests where it seems the authors are interested in specific plant traits as well as in analyses using pairwise distances in PCA trait space, where PCs represent the main axes of variation in traits."
https://onlinelibrary.wiley.com/doi/full/10.1111/oik.05122,"Jacquemyn, H., Gielen, M., & Brys, R. (2018). Is sexual organ reciprocity related to legitimate pollen deposition in distylous Pulmonaria (Boraginaceae)? Oikos, 127(8), 1216–1224. doi:10.1111/oik.05122",2018,Oikos,PCA on 7 floral traits. Plot of first two PCs used to visualize data,NA,NA,Unsupervised only,2,NA,NA,NA,NA,NA,"""A principal component analysis (PCA) was used to investigate variation in floral morphology across the nine sampled species. """
https://onlinelibrary.wiley.com/doi/full/10.1111/oik.05401,"Broeckhoven, C., Mouton, P. L. le F. N., & Hui, C. (2018). Proximate causes of variation in dermal armour: insights from armadillo lizards. Oikos, 127(10), 1449–1458. doi:10.1111/oik.05401",2018,Oikos,PCA on 14 WorldClim variables. 2 PCs interpreted and used in spatial autoregressive model.,NA,NA,PCs used as variables,2,Interest in relationships with raw variables,predictor,no,NA,NA,Authors interpret PC loadings and seem interested in the relationships with the raw variables
https://onlinelibrary.wiley.com/doi/full/10.1111/oik.04766,"Wiggins, W. D., & Wilder, S. M. (2018). Mismatch between dietary requirements for lipid by a predator and availability of lipid in prey. Oikos, 127(7), 1024–1032. doi:10.1111/oik.04766",2018,Oikos,PCA on 3 measures of spider size.  PC1 used response in ANOVA,NA,NA,PCs used as variables,1,PCs as main axes of variation,response,NA,NA,NA,NA
https://onlinelibrary.wiley.com/doi/full/10.1111/oik.04909,"Valdés, A., & Ehrlén, J. (2018). Direct and plant trait-mediated effects of the local environmental context on butterfly oviposition patterns. Oikos, 127(6), 825–833. doi:10.1111/oik.04909",2018,Oikos,PCA on 3 plant traits. PC1 used as predictor in linear mixed models and generalized linear mixed models (binomial) as part of stuctural equation modeling.,NA,NA,PCs used as variables,2,Interest in relationships with raw variables,predictor,no,NA,NA,NA
https://onlinelibrary.wiley.com/doi/full/10.1111/oik.05310,"Salo, T., Räsänen, K., Stamm, C., Burdon, F. J., & Seppälä, O. (2018). Simultaneous exposure to a pulsed and a prolonged anthropogenic stressor can alter consumer multifunctionality. Oikos, 127(10), 1437–1448. doi:10.1111/oik.05310",2018,Oikos,PCA on 4 nutrient concentrations separately before and after a treatment. PC1 used as one of 9 response variables in PERMANOVA,NA,NA,PCs used as variables,NA,Interest in relationships with raw variables,response,yes,PERMANOVA,NA,"Authors reduced soil nutrient data dimensionallity specifically to avoid collinearity, then used PCs as respone variables in PERMANOVA.  However, this is generally not necessary for PERMANOVA."
https://onlinelibrary.wiley.com/doi/full/10.1111/oik.05291,"Balmer, A. J., Brakefield, P. M., Brattström, O., & van Bergen, E. (2018). Developmental plasticity for male secondary sexual traits in a group of polyphenic tropical butterflies. Oikos, 127(12), 1812–1821. doi:10.1111/oik.05291",2018,Oikos,PCA on 4 wing pattern measurements. PC1 transformed into a categorical variable and used as a factor in ANOVA.,NA,NA,PCs used as variables,1,PCs as main axes of variation,predictor,NA,NA,NA,PC1 used to categorize wing patterns into two seasonal forms.  It seems like authors were mostly interested in PC1 as a main axis of variation.
https://onlinelibrary.wiley.com/doi/full/10.1111/oik.04910,"Do Nascimento, E. R., Correia, I., Ruiz-Esparza, J. M., & Gouveia, S. F. (2018). Disentangling phylogenetic from non-phylogenetic functional structure of bird assemblages in a tropical dry forest. Oikos, 127(8), 1177–1185. doi:10.1111/oik.04910",2018,Oikos,PCA on 10 diet sources. PCA on 8 habitat traits. 3 diet PCs and 4 habitat PCs used in variance partitioning models,NA,NA,PCs used as variables,4,PCs as main axes of variation,response,NA,NA,NA,Here the authors are specifically interested in the variation explained by different sources.
https://onlinelibrary.wiley.com/doi/full/10.1111/oik.04501,"Souto-Vilarós, D., Vuleta, A., Jovanović, S. M., Budečević, S., Wang, H., Sapir, Y., & Imbert, E. (2018). Are pollinators the agents of selection on flower colour and size in irises? Oikos, 127(6), 834–846. doi:10.1111/oik.04501",2018,Oikos,PCA on 4 floral morphology traits. PC1 and PC1^2 used in linear regression.,NA,NA,PCs used as variables,1,Interest in relationships with raw variables,predictor,yes,NA,NA,NA
https://onlinelibrary.wiley.com/doi/full/10.1111/oik.05364,"Bertel, C., Rešetnik, I., Frajman, B., Erschbamer, B., Hülber, K., & Schönswetter, P. (2018). Natural selection drives parallel divergence in the mountain plant Heliosperma pusillum s.l. Oikos, 127(9), 1355–1367. doi:10.1111/oik.05364",2018,Oikos,"PCA not mentioned in methods.  The caption of figure 5 indicates that ""size"" is a principal component, but unclear if this PC was used in other analyses.",NA,NA,unknown,1,NA,NA,NA,PERMANOVA,NMDS,NA
https://onlinelibrary.wiley.com/doi/10.1111/oik.05198,"Wang, X., Steiner, M., Schütz, M., Vandegehuchte, M. L., & Risch, A. C. (2018). Progressively excluding mammals of different body size affects community and trait structure of ground beetles. Oikos, 127(10), 1515–1525. doi:10.1111/oik.05198",2018,Oikos,Used partial RDA to test the effects of mammal exclusion on carrabid beetle community.,NA,hypothesis testing,NA,NA,NA,NA,NA,NA,NA,NA
https://onlinelibrary.wiley.com/doi/10.1111/oik.05673,"Limberger, R., Birtel, J., Peter, H., Catalán, N., da Silva Farias, D., Best, R. J., … Matthews, B. (2018). Predator-induced changes in dissolved organic carbon dynamics. Oikos, 128(3), 430–440. doi:10.1111/oik.05673",2018,Oikos,Used distance-based RDA to test if fish affected bacteria and plankton community as well as disolved organic carbon composition,NA,hypothesis testing,NA,NA,NA,NA,NA,NA,PCoA,PCoA is only mentioned briefly in the methods.  It is unclear what it was used for and if any results are reported.
